strategy,mean,std,count,sem
RL,5318.886375618868,5236.40988010781,300,302.324265386746
Random,6089.304292614939,6263.887801754316,300,361.6457308516467
Rule,5791.818146692886,5685.344719413882,300,328.24353041894216
StaticCloud,5036.35417935528,4941.218408150519,300,285.2813778070436
StaticEdge,7067.021577863591,6960.88226743665,300,401.8867250901842
