strategy,mean,std,count,sem
RL,2755.3910682403202,2721.5054553733967,300,157.12619072608655
Random,2066.1952764712173,2411.1450399333658,300,139.20752378607597
Rule,1745.6023930349172,2034.5893537145682,300,117.46707110574526
